name,imdb_link
Avatar,https://m.media-amazon.com/images/M/MV5BMTYwOTEwNjAzMl5BMl5BanBnXkFtZTcwODc5MTUwMw@@._V1_SX320.jpg
Pirates of the Caribbean: At World's End,https://m.media-amazon.com/images/M/MV5BMjIyNjkxNzEyMl5BMl5BanBnXkFtZTYwMjc3MDE3._V1_SX320.jpg
Spectre,https://m.media-amazon.com/images/M/MV5BOWQ1MDE1NzgtNTQ4OC00ZjliLTllZDAtN2IyOTVmMTc5YjUxXkEyXkFqcGdeQXVyNzkwMjQ5NzM@._V1_SX320.jpg
The Dark Knight Rises,https://m.media-amazon.com/images/M/MV5BMTk4ODQzNDY3Ml5BMl5BanBnXkFtZTcwODA0NTM4Nw@@._V1_SX320.jpg
John Carter,https://m.media-amazon.com/images/M/MV5BMDEwZmIzNjYtNjUwNS00MzgzLWJiOGYtZWMxZGQ5NDcxZjUwXkEyXkFqcGdeQXVyNTIzOTk5ODM@._V1_SX320.jpg
Spider-Man 3,https://m.media-amazon.com/images/M/MV5BYTk3MDljOWQtNGI2My00OTEzLTlhYjQtOTQ4ODM2MzUwY2IwXkEyXkFqcGdeQXVyNTIzOTk5ODM@._V1_SX320.jpg
Tangled,https://m.media-amazon.com/images/M/MV5BMTAxNDYxMjg0MjNeQTJeQWpwZ15BbWU3MDcyNTk2OTM@._V1_SX320.jpg
Avengers: Age of Ultron,https://m.media-amazon.com/images/M/MV5BMTM4OGJmNWMtOTM4Ni00NTE3LTg3MDItZmQxYjc4N2JhNmUxXkEyXkFqcGdeQXVyNTgzMDMzMTg@._V1_SX320.jpg
Harry Potter and the Half-Blood Prince,https://m.media-amazon.com/images/M/MV5BNzU3NDg4NTAyNV5BMl5BanBnXkFtZTcwOTg2ODg1Mg@@._V1_SX320.jpg
Batman v Superman: Dawn of Justice,https://m.media-amazon.com/images/M/MV5BYThjYzcyYzItNTVjNy00NDk0LTgwMWQtYjMwNmNlNWJhMzMyXkEyXkFqcGdeQXVyMTQxNzMzNDI@._V1_SX320.jpg
Superman Returns,https://m.media-amazon.com/images/M/MV5BNzY2ZDQ2MTctYzlhOC00MWJhLTgxMmItMDgzNDQwMDdhOWI2XkEyXkFqcGdeQXVyNjc1NTYyMjg@._V1_SX320.jpg
Quantum of Solace,https://m.media-amazon.com/images/M/MV5BMjZiYTUzMzktZWI5Yy00Mzk4LWFlMDgtYjRmNWU0Mzc0MzNiXkEyXkFqcGdeQXVyMjUzOTY1NTc@._V1_SX320.jpg
Pirates of the Caribbean: Dead Man's Chest,https://m.media-amazon.com/images/M/MV5BMTcwODc1MTMxM15BMl5BanBnXkFtZTYwMDg1NzY3._V1_SX320.jpg
The Lone Ranger,https://m.media-amazon.com/images/M/MV5BZjFiMTc2MTAtZDA0My00OGRmLTk5M2ItNTlmYTUwZmU2YmRiXkEyXkFqcGdeQXVyNTIzOTk5ODM@._V1_SX320.jpg
Man of Steel,https://m.media-amazon.com/images/M/MV5BMTk5ODk1NDkxMF5BMl5BanBnXkFtZTcwNTA5OTY0OQ@@._V1_SX320.jpg
The Chronicles of Narnia: Prince Caspian,https://m.media-amazon.com/images/M/MV5BMTIwOTA4NTE4Ml5BMl5BanBnXkFtZTcwOTI2NTg1MQ@@._V1_SX320.jpg
The Avengers,https://m.media-amazon.com/images/M/MV5BNDYxNjQyMjAtNTdiOS00NGYwLWFmNTAtNThmYjU5ZGI2YTI1XkEyXkFqcGdeQXVyMTMxODk2OTU@._V1_SX320.jpg
Pirates of the Caribbean: On Stranger Tides,https://m.media-amazon.com/images/M/MV5BMjE5MjkwODI3Nl5BMl5BanBnXkFtZTcwNjcwMDk4NA@@._V1_SX320.jpg
Men in Black 3,https://m.media-amazon.com/images/M/MV5BMTU2NTYxODcwMF5BMl5BanBnXkFtZTcwNDk1NDY0Nw@@._V1_SX320.jpg
The Hobbit: The Battle of the Five Armies,https://m.media-amazon.com/images/M/MV5BMTYzNDE3OTQ3MF5BMl5BanBnXkFtZTgwODczMTg4MjE@._V1_SX320.jpg
The Amazing Spider-Man,https://m.media-amazon.com/images/M/MV5BMjMyOTM4MDMxNV5BMl5BanBnXkFtZTcwNjIyNzExOA@@._V1_SX320.jpg
Robin Hood,https://m.media-amazon.com/images/M/MV5BOGQzZDM0NGUtZGE1NS00ZjQwLTk0N2EtMWI0NTgxYTkwYWQ4XkEyXkFqcGdeQXVyNDMzMzI5MjM@._V1_SX320.jpg
The Hobbit: The Desolation of Smaug,https://m.media-amazon.com/images/M/MV5BMzU0NDY0NDEzNV5BMl5BanBnXkFtZTgwOTIxNDU1MDE@._V1_SX320.jpg
The Golden Compass,https://m.media-amazon.com/images/M/MV5BMTM2NDkxMjQxMV5BMl5BanBnXkFtZTYwNTMxMDM4._V1_SX320.jpg
King Kong,https://m.media-amazon.com/images/M/MV5BMjYxYmRlZWYtMzAwNC00MDA1LWJjNTItOTBjMzlhNGMzYzk3XkEyXkFqcGdeQXVyMTQxNzMzNDI@._V1_SX320.jpg
Titanic,https://m.media-amazon.com/images/M/MV5BMDdmZGU3NDQtY2E5My00ZTliLWIzOTUtMTY4ZGI1YjdiNjk3XkEyXkFqcGdeQXVyNTA4NzY1MzY@._V1_SX320.jpg
Captain America: Civil War,https://m.media-amazon.com/images/M/MV5BMjQ0MTgyNjAxMV5BMl5BanBnXkFtZTgwNjUzMDkyODE@._V1_SX320.jpg
Battleship,https://m.media-amazon.com/images/M/MV5BMjI5NTM5MDA2N15BMl5BanBnXkFtZTcwNjkwMzQxNw@@._V1_SX320.jpg
Jurassic World,https://m.media-amazon.com/images/M/MV5BNzQ3OTY4NjAtNzM5OS00N2ZhLWJlOWUtYzYwZjNmOWRiMzcyXkEyXkFqcGdeQXVyMTMxODk2OTU@._V1_SX320.jpg
Skyfall,https://m.media-amazon.com/images/M/MV5BMWZiNjE2OWItMTkwNy00ZWQzLWI0NTgtMWE0NjNiYTljN2Q1XkEyXkFqcGdeQXVyNzAwMjYxMzA@._V1_SX320.jpg
Spider-Man 2,https://m.media-amazon.com/images/M/MV5BMzY2ODk4NmUtOTVmNi00ZTdkLTlmOWYtMmE2OWVhNTU2OTVkXkEyXkFqcGdeQXVyMTQxNzMzNDI@._V1_SX320.jpg
Iron Man 3,https://m.media-amazon.com/images/M/MV5BMjE5MzcyNjk1M15BMl5BanBnXkFtZTcwMjQ4MjcxOQ@@._V1_SX320.jpg
Alice in Wonderland,https://m.media-amazon.com/images/M/MV5BMTMwNjAxMTc0Nl5BMl5BanBnXkFtZTcwODc3ODk5Mg@@._V1_SX320.jpg
X-Men: The Last Stand,https://m.media-amazon.com/images/M/MV5BNDBhNDJiMWEtOTg4Yi00NTYzLWEzOGMtMjNmNjAxNTBlMzY3XkEyXkFqcGdeQXVyNTIzOTk5ODM@._V1_SX320.jpg
Monsters University,https://m.media-amazon.com/images/M/MV5BMTUyODgwMDU3M15BMl5BanBnXkFtZTcwOTM4MjcxOQ@@._V1_SX320.jpg
Transformers: Revenge of the Fallen,https://m.media-amazon.com/images/M/MV5BNjk4OTczOTk0NF5BMl5BanBnXkFtZTcwNjQ0NzMzMw@@._V1_SX320.jpg
Transformers: Age of Extinction,https://m.media-amazon.com/images/M/MV5BMjEwNTg1MTA5Nl5BMl5BanBnXkFtZTgwOTg2OTM4MTE@._V1_SX320.jpg
Oz: The Great and Powerful,https://m.media-amazon.com/images/M/MV5BMjMyMzQ1ODM1MF5BMl5BanBnXkFtZTcwMjE2MTQxOQ@@._V1_SX320.jpg
The Amazing Spider-Man 2,https://m.media-amazon.com/images/M/MV5BOTA5NDYxNTg0OV5BMl5BanBnXkFtZTgwODE5NzU1MTE@._V1_SX320.jpg
TRON: Legacy,https://m.media-amazon.com/images/M/MV5BMTk4NTk4MTk1OF5BMl5BanBnXkFtZTcwNTE2MDIwNA@@._V1_SX320.jpg
Cars 2,https://m.media-amazon.com/images/M/MV5BMTUzNTc3MTU3M15BMl5BanBnXkFtZTcwMzIxNTc3NA@@._V1_SX320.jpg
Green Lantern,https://m.media-amazon.com/images/M/MV5BMTMyMTg3OTM5Ml5BMl5BanBnXkFtZTcwNzczMjEyNQ@@._V1_SX320.jpg
Toy Story 3,https://m.media-amazon.com/images/M/MV5BMTgxOTY4Mjc0MF5BMl5BanBnXkFtZTcwNTA4MDQyMw@@._V1_SX320.jpg
Terminator Salvation,https://m.media-amazon.com/images/M/MV5BODBlOTJhZjItMGRmYS00YzM1LWFmZTktOTJmNDMyZTBjMjBkXkEyXkFqcGdeQXVyMjMwNDgzNjc@._V1_SX320.jpg
Furious 7,https://m.media-amazon.com/images/M/MV5BMTQxOTA2NDUzOV5BMl5BanBnXkFtZTgwNzY2MTMxMzE@._V1_SX320.jpg
World War Z,https://m.media-amazon.com/images/M/MV5BNDQ4YzFmNzktMmM5ZC00MDZjLTk1OTktNDE2ODE4YjM2MjJjXkEyXkFqcGdeQXVyNTA4NzY1MzY@._V1_SX320.jpg
X-Men: Days of Future Past,https://m.media-amazon.com/images/M/MV5BZGIzNWYzN2YtMjcwYS00YjQ3LWI2NjMtOTNiYTUyYjE2MGNkXkEyXkFqcGdeQXVyMTQxNzMzNDI@._V1_SX320.jpg
Star Trek Into Darkness,https://m.media-amazon.com/images/M/MV5BMTk2NzczOTgxNF5BMl5BanBnXkFtZTcwODQ5ODczOQ@@._V1_SX320.jpg
Jack the Giant Slayer,https://m.media-amazon.com/images/M/MV5BMjE1NDMxMjI0OV5BMl5BanBnXkFtZTcwMjQyMDExOQ@@._V1_SX320.jpg